{
    "name": "5IUX搜索",
    "description": "来源：https://github.com/5iux/sou",
    "homepage": "https://github.com/5iux/sou",
    "help_url":"https://dwz.ovh/gnae4",
    "version": "1.0.0",
    "update": "2022\/06\/07",
    "author": "5iux",
    "screenshot": "https://img.rss.ink/imgs/2022/06/07/1a2f6c3f81b64f6a.png",
    "demo":"",
    "require":{
        "min":"0.9.20",
        "max":""
    },
    "config": {
        "bing_wallpaper":"off",
        "favicon": "online",
        "shortcut_icon":""
    }
}