{
    "name": "tushan2",
    "description": "tushan2简洁版本，适合少量书签的用户。",
    "homepage": "https:\/\/www.xiaoz.me",
    "help_url": "https://dwz.ovh/gnae4",
    "version": "1.2.2",
    "update": "2024\/05\/14",
    "author": "tushan<admin@mcecy.com>",
    "screenshot": "https://img.rss.ink/imgs/2023/06/27/5cd8bf30da707526.png",
    "demo": "",
    "require": {
        "min": "0.9.32",
        "max": ""
    },
    "config": {
        "background": "/templates/tushan2/static/bg.webp",
        "AppName": "Tushan · 标签页",
        "searchEngine": "on",
        "favicon":"/favicon.ico"
    }
}