{
    "name": "webstack",
    "description": "webstack主题",
    "homepage": "https://github.com/WebStackPage/WebStackPage.github.io",
    "help_url":"https://dwz.ovh/gnae4",
    "version": "1.1.2",
    "update": "2023\/12\/08",
    "author": "xiaoz<xiaoz93@outlook.com>",
    "screenshot": "https://img.rss.ink/imgs/2022/06/27/e0a3838d37d585c9.png",
    "demo":"",
    "require":{
        "min":"0.9.31",
        "max":""
    },
    "config": {
        "column":"4",
        "link_icon":"text"
    }
}