{
    "name": "heimdall",
    "description": "此主题来源于独立导航程序Heimdall，由xiaoz适配到OneNav，该主题非常适合少量书签的NAS用户。",
    "homepage": "https://github.com/linuxserver/Heimdall",
    "help_url":"https://dwz.ovh/gnae4",
    "version": "1.0.2",
    "update": "2022\/12\/23",
    "author": "xiaoz",
    "screenshot": "https://img.rss.ink/imgs/2022/11/30/4b0916bf3472861a.png",
    "demo":"",
    "require":{
        "min":"0.9.29",
        "max":""
    },
    "config": {
        "default_category_id":"0",
        "link_icon":"custom",
        "default_search":"baidu"
    }
}